{"cameraMode":{"drawMode":0,"name":"Shaded","section":"Shading Mode"},"sceneLighting":false,"audioPlay":false,"sceneViewState":{"showFog":true,"showMaterialUpdate":true,"showSkybox":false,"showFlares":true,"showImageEffects":true,"showParticleSystems":true},"in2DMode":false,"pivot":{"x":-6.69196081161499,"y":-1.7005027532577515,"z":11.05438232421875},"rotation":{"x":0.008687321096658707,"y":-0.9862787127494812,"z":0.15543226897716523,"w":0.05508223921060562},"size":1.164759874343872,"orthographic":false}