{"cameraMode":{"drawMode":0,"name":"Shaded","section":"Shading Mode"},"sceneLighting":true,"audioPlay":false,"sceneViewState":{"showFog":true,"showMaterialUpdate":true,"showSkybox":true,"showFlares":true,"showImageEffects":true,"showParticleSystems":true},"in2DMode":false,"pivot":{"x":-19.023408889770509,"y":41.4818229675293,"z":-9.7696533203125},"rotation":{"x":0.3602425754070282,"y":0.4513041377067566,"z":-0.20579500496387483,"w":0.7900699377059937},"size":19.346202850341798,"orthographic":false}